age,weight,height,smoker,children,annual_premium
62,63.9,1.48,0,2,40601.0
47,60.2,1.62,0,4,33040.0
50,73.1,1.5,0,3,36548.0
60,54.1,1.45,0,4,35802.0
45,68.3,1.63,0,4,35421.0
54,80.0,1.8,0,1,31940.0
57,74.6,1.68,1,4,63170.0
28,59.3,1.57,0,0,22504.0
20,65.6,1.6,0,1,17136.0
32,66.9,1.78,0,4,27870.0
31,69.5,1.69,0,0,23478.0
59,102.3,1.68,0,3,37466.0
60,72.5,1.68,0,4,36823.0
18,70.4,1.68,0,1,20656.0
41,87.0,1.75,0,3,33677.0
56,87.4,1.73,0,2,35088.0
24,60.7,1.7,0,3,23248.0
55,63.4,1.59,0,1,33947.0
23,90.2,1.73,0,0,21639.0
39,71.4,1.62,1,4,50394.0
56,84.1,1.78,0,0,27521.0
32,81.3,1.57,0,1,26339.0
34,64.0,1.67,0,0,25181.0
31,74.4,1.68,0,0,19862.0
51,57.6,1.56,0,3,33786.0
29,109.5,1.83,0,0,27358.0
64,56.4,1.81,0,1,30803.0
38,61.8,1.64,0,1,27082.0
40,72.3,1.75,0,1,24471.0
41,84.8,1.71,0,4,38106.0
45,60.4,1.45,0,0,31407.0
44,93.3,1.7,1,1,59008.0
41,52.8,1.67,0,3,25119.0
64,83.9,1.69,0,2,35187.0
55,61.6,1.58,0,2,36078.0
55,63.4,1.66,0,4,40935.0
50,78.3,1.66,0,1,32487.0
47,70.0,1.79,1,0,47925.0
34,48.7,1.71,0,4,27030.0
64,68.7,1.68,0,1,33766.0
39,63.8,1.82,0,1,25464.0
28,61.3,1.63,0,4,30173.0
57,74.4,1.64,0,3,33220.0
25,63.3,1.52,0,0,24941.0
58,109.8,1.82,0,4,44348.0
46,78.6,1.77,0,4,31989.0
23,59.2,1.76,0,0,15741.0
20,68.4,1.74,1,4,45584.0
38,62.4,1.69,0,0,22651.0
19,59.3,1.7,0,0,12575.0
24,77.0,1.66,0,3,29922.0
42,63.6,1.66,0,2,29827.0
63,48.3,1.68,1,2,50038.0
39,96.5,1.82,0,2,36000.0
55,76.3,1.73,0,1,32470.0
61,77.0,1.67,0,3,36260.0
56,70.3,1.63,0,1,32994.0
47,75.7,1.62,0,1,28455.0
38,86.7,1.82,0,2,27497.0
42,94.5,1.73,0,1,31577.0
30,79.7,1.69,0,0,22781.0
41,75.6,1.65,0,1,27872.0
35,69.5,1.58,0,4,36916.0
29,54.2,1.67,0,1,24871.0
64,78.2,1.76,0,1,36563.0
18,66.8,1.64,0,0,21055.0
22,74.2,1.66,0,0,22795.0
27,54.8,1.66,0,4,31362.0
63,95.3,1.69,0,2,38870.0
50,62.8,1.54,1,4,59107.0
59,56.6,1.66,0,4,34530.0
27,46.9,1.6,0,1,21135.0
51,76.6,1.76,0,2,29089.0
35,66.3,1.61,1,3,47293.0
40,68.1,1.73,0,3,31860.0
18,87.5,1.82,0,2,27514.0
47,62.9,1.65,0,0,25588.0
57,75.7,1.63,1,1,51745.0
49,65.7,1.7,0,1,28579.0
25,72.9,1.68,1,1,39994.0
43,76.9,1.59,0,2,29313.0
30,111.2,1.72,1,4,61907.0
63,74.3,1.86,0,0,26827.0
59,65.9,1.66,0,1,32967.0
26,61.2,1.66,1,1,40906.0
41,74.7,1.59,0,2,29777.0
62,60.9,1.71,0,4,35322.0
57,58.7,1.57,0,4,34034.0
51,64.6,1.58,0,2,37615.0
48,70.0,1.8,0,1,25447.0
19,55.5,1.6,0,1,24602.0
52,75.6,1.78,1,4,55612.0
40,54.8,1.82,0,0,22080.0
22,56.3,1.7,0,0,16086.0
29,72.3,1.73,0,0,25181.0
43,92.3,1.86,0,3,37102.0
52,69.3,1.66,0,4,34227.0
41,47.9,1.63,1,4,48243.0
46,58.2,1.56,0,1,31679.0
58,83.5,1.68,0,4,40634.0
50,93.4,1.81,0,0,34978.0
34,80.3,1.77,0,4,30266.0
48,56.3,1.6,0,2,32093.0
46,73.8,1.6,0,3,31243.0
23,62.2,1.63,0,0,25873.0
20,60.6,1.71,0,4,24228.0
49,61.7,1.66,0,1,23837.0
36,94.0,1.7,0,1,28950.0
46,78.9,1.71,0,4,35175.0
33,85.0,1.65,0,2,34556.0
28,67.3,1.68,0,0,21339.0
25,87.3,1.7,0,1,25341.0
35,65.0,1.67,1,1,45241.0
56,75.7,1.73,0,0,34498.0
36,127.3,1.85,0,2,32540.0
35,88.1,1.73,0,2,32301.0
45,67.8,1.69,0,3,33604.0
64,60.0,1.53,0,3,37550.0
36,80.3,1.71,0,0,25885.0
45,70.8,1.5,0,3,35085.0
38,57.2,1.55,1,4,47883.0
46,56.3,1.76,0,0,28276.0
38,74.9,1.74,0,3,27235.0
47,72.7,1.67,1,4,56412.0
43,62.0,1.53,1,1,49496.0
49,86.9,1.65,0,1,32459.0
62,72.0,1.62,0,2,34649.0
25,89.8,1.74,0,1,24615.0
44,74.4,1.88,0,1,28670.0
38,86.4,1.7,0,4,36161.0
34,91.8,1.61,0,3,34033.0
29,72.7,1.57,0,4,34123.0
20,75.7,1.67,1,3,43107.0
36,73.6,1.66,0,3,31415.0
56,85.0,1.58,0,3,35076.0
22,62.3,1.69,0,1,23504.0
37,63.7,1.58,0,0,25674.0
63,88.9,1.78,0,2,36021.0
62,93.0,1.78,0,4,43737.0
28,76.1,1.78,0,4,31175.0
18,73.6,1.64,0,3,18977.0
49,74.1,1.73,0,1,30285.0
18,74.0,1.67,0,1,18489.0
32,69.2,1.65,1,4,51723.0
41,56.8,1.65,0,2,34605.0
59,63.0,1.56,0,3,35684.0
22,71.9,1.55,0,1,24621.0
49,66.3,1.75,0,2,30270.0
43,68.7,1.66,0,3,33043.0
24,83.8,1.7,0,4,31680.0
57,66.4,1.77,0,0,32596.0
57,62.0,1.52,0,1,30684.0
40,55.0,1.61,0,1,30355.0
62,89.9,1.7,1,3,64319.0
46,107.7,1.72,0,3,37714.0
60,95.6,1.65,0,3,43387.0
63,78.4,1.77,1,3,57582.0
44,84.8,1.7,0,1,28043.0
31,65.4,1.57,0,0,22212.0
24,67.7,1.6,0,2,24420.0
44,101.0,1.75,0,0,29735.0
27,59.4,1.72,0,3,28855.0
53,70.1,1.51,0,3,33771.0
61,83.5,1.8,0,2,36867.0
29,96.8,1.73,1,4,61165.0
43,87.0,1.8,0,0,28834.0
20,62.5,1.65,0,2,24401.0
26,74.2,1.65,0,4,33815.0
35,73.2,1.58,0,1,29082.0
59,95.4,1.91,0,4,41015.0
63,77.7,1.66,0,0,34918.0
48,78.3,1.82,1,0,50196.0
45,43.0,1.62,0,1,21385.0
44,85.8,1.69,0,4,39240.0
20,68.2,1.53,0,3,26544.0
35,72.6,1.65,0,2,28032.0
64,82.4,1.77,1,0,48702.0
37,75.6,1.57,1,0,49423.0
28,75.9,1.78,1,4,46470.0
29,66.7,1.71,0,4,27585.0
51,63.6,1.59,0,0,30320.0
19,83.3,1.63,0,2,22213.0
63,53.1,1.64,0,2,37729.0
59,88.5,1.68,0,3,39575.0
44,61.4,1.63,0,0,25789.0
39,54.6,1.61,1,4,47719.0
53,86.2,1.65,0,2,33554.0
43,64.6,1.59,1,2,45758.0
40,49.0,1.56,1,1,42686.0
33,68.8,1.68,0,0,23787.0
38,93.5,1.76,0,4,33961.0
53,74.4,1.54,1,4,62484.0
20,68.0,1.68,1,4,44568.0
19,73.0,1.62,0,3,24223.0
51,73.9,1.59,0,2,34511.0
35,71.6,1.76,1,4,53752.0
55,73.3,1.63,0,0,32619.0
19,84.7,1.81,0,1,21386.0
60,61.1,1.61,0,2,30588.0
23,69.6,1.71,0,3,22634.0
37,72.5,1.66,0,1,23152.0
63,67.7,1.61,0,4,41796.0
23,70.2,1.73,0,1,20537.0
48,67.2,1.67,0,1,29830.0
52,92.8,1.73,0,1,31657.0
38,76.1,1.68,1,2,47905.0
21,74.8,1.58,0,4,33071.0
42,87.6,1.67,0,1,28841.0
38,80.9,1.68,1,2,47420.0
59,113.5,1.77,1,0,60184.0
50,57.1,1.6,0,2,33593.0
34,83.6,1.68,0,1,25123.0
20,57.5,1.53,0,2,20965.0
45,104.0,1.74,0,1,28954.0
31,84.0,1.58,0,1,24736.0
50,39.8,1.52,0,0,27206.0
58,60.4,1.67,0,2,39843.0
34,91.9,1.78,0,3,28583.0
60,70.1,1.54,0,3,40924.0
42,73.2,1.58,0,2,32251.0
42,66.6,1.61,0,4,31198.0
53,70.0,1.58,1,2,51562.0
55,84.6,1.71,0,3,36344.0
60,66.5,1.61,0,1,31852.0
64,80.4,1.62,0,3,44869.0
25,47.9,1.73,0,1,15636.0
37,74.8,1.61,0,0,27413.0
61,63.2,1.72,1,3,54786.0
32,76.6,1.59,1,2,54716.0
18,61.6,1.57,0,2,23761.0
45,50.2,1.51,0,3,33900.0
53,94.7,1.85,0,2,34506.0
52,59.6,1.65,0,3,34665.0
56,63.3,1.7,0,2,34678.0
48,53.5,1.68,1,4,46194.0
24,73.9,1.69,0,2,29072.0
57,79.7,1.68,0,2,41139.0
37,104.7,1.85,0,4,36719.0
57,64.1,1.59,0,4,40568.0
56,72.8,1.54,0,1,30703.0
63,65.9,1.59,0,1,34267.0
18,62.3,1.56,0,2,21570.0
58,87.5,1.75,0,0,30772.0
47,94.2,1.75,0,3,37743.0
40,61.8,1.59,1,3,47146.0
55,59.8,1.55,1,0,47787.0
62,68.8,1.65,1,1,47233.0
42,86.4,1.81,0,4,33794.0
22,46.1,1.45,0,0,20059.0
52,91.7,1.73,0,2,33122.0
28,60.4,1.58,1,3,43908.0
28,88.0,1.77,0,1,30187.0
27,55.6,1.58,0,1,20131.0
27,75.2,1.65,0,3,26001.0
60,65.8,1.54,1,2,52088.0
35,60.9,1.59,0,4,34428.0
22,113.7,1.8,0,0,29696.0
26,84.7,1.75,0,3,29190.0
36,91.4,1.64,0,1,27981.0
34,77.6,1.6,1,4,59260.0
32,52.5,1.51,0,2,29281.0
62,65.3,1.64,0,0,29580.0
58,78.9,1.68,0,4,42857.0
44,73.3,1.67,0,2,34660.0
64,73.1,1.67,1,0,51269.0
33,61.7,1.58,0,3,30906.0
24,49.8,1.67,1,2,42444.0
30,70.5,1.68,1,4,52228.0
22,51.9,1.8,0,3,20538.0
62,94.7,1.85,0,3,41397.0
28,63.4,1.67,0,1,22658.0
38,59.0,1.61,0,3,28087.0
27,69.8,1.67,0,0,22576.0
64,72.3,1.63,1,1,52708.0
25,50.7,1.61,1,2,38977.0
42,50.6,1.67,0,2,23717.0
62,53.6,1.59,0,1,30225.0
42,50.3,1.73,0,2,30873.0
60,60.4,1.67,0,1,37086.0
60,95.8,1.7,0,4,43227.0
54,58.5,1.66,0,4,38715.0
52,75.0,1.61,0,4,36595.0
45,50.1,1.59,0,1,27143.0
45,75.4,1.66,0,3,34284.0
57,65.3,1.63,1,4,53059.0
38,74.4,1.7,0,4,30376.0
62,80.6,1.68,0,4,40798.0
59,82.5,1.56,0,0,33584.0
35,76.8,1.69,0,0,22553.0
37,64.6,1.56,0,3,32017.0
51,56.7,1.62,0,1,28984.0
61,77.9,1.65,0,2,39248.0
22,55.3,1.49,0,2,24465.0
21,85.0,1.69,0,3,26946.0
29,73.7,1.69,0,3,28871.0
38,94.4,1.67,0,1,29857.0
25,45.9,1.64,0,3,22703.0
42,67.2,1.65,0,2,28994.0
43,75.8,1.59,0,2,34008.0
62,67.3,1.66,1,4,58724.0
53,59.6,1.63,1,1,51707.0
29,70.8,1.69,0,0,18564.0
54,48.8,1.57,0,3,32467.0
55,76.7,1.7,0,1,31452.0
49,105.6,1.69,0,1,34890.0
49,86.9,1.67,0,2,33095.0
32,56.5,1.64,0,4,28229.0
51,66.1,1.73,0,4,37167.0
24,56.6,1.53,0,3,27028.0
47,90.3,1.72,0,1,28727.0
61,64.5,1.7,1,4,59428.0
63,66.9,1.71,0,4,41339.0
32,87.7,1.71,0,0,24022.0
33,78.4,1.62,1,1,47574.0
47,67.0,1.66,0,0,25832.0
36,63.5,1.74,0,1,28035.0
52,56.3,1.72,0,3,32076.0
27,66.0,1.7,1,2,41146.0
25,37.9,1.54,0,0,17661.0
20,87.9,1.73,0,3,25365.0
40,74.2,1.79,0,2,29386.0
28,88.2,1.77,0,4,31331.0
32,99.4,1.7,0,1,28888.0
61,74.2,1.54,0,4,39839.0
56,64.5,1.76,0,3,25215.0
57,83.4,1.67,0,1,34459.0
45,65.6,1.45,0,1,26580.0
23,66.2,1.71,1,3,44374.0
53,52.2,1.55,0,3,36672.0
46,62.1,1.56,0,3,33896.0
60,49.3,1.62,0,2,32001.0
40,104.5,1.79,1,1,56965.0
26,43.6,1.65,0,2,22152.0
45,60.7,1.7,0,3,29978.0
39,83.9,1.84,0,1,25934.0
48,82.7,1.82,0,4,33069.0
35,74.6,1.67,0,0,28133.0
32,75.0,1.66,0,2,28047.0
23,61.7,1.57,0,1,25392.0
63,81.7,1.62,0,4,41111.0
53,48.4,1.72,1,0,44746.0
39,76.9,1.72,0,0,25592.0
29,65.1,1.69,0,3,28655.0
47,83.3,1.77,0,0,30533.0
37,70.0,1.61,0,4,33611.0
47,61.1,1.67,0,3,30543.0
22,70.8,1.75,0,4,25502.0
26,88.5,1.73,0,1,29577.0
52,87.4,1.78,0,3,34915.0
20,67.9,1.72,0,2,22505.0
49,95.8,1.65,1,2,66298.0
37,106.4,1.71,0,2,35415.0
18,49.1,1.59,0,0,19172.0
53,64.0,1.53,0,0,29410.0
50,111.6,1.73,1,0,65934.0
56,83.3,1.68,0,3,38392.0
60,78.9,1.71,1,1,53411.0
52,58.7,1.53,0,3,34309.0
57,64.2,1.65,0,3,32078.0
23,66.5,1.63,0,0,17863.0
61,60.2,1.6,1,1,52128.0
60,64.3,1.48,0,1,35854.0
50,65.9,1.65,0,0,27872.0
55,74.4,1.76,1,4,52077.0
52,60.2,1.71,1,1,43961.0
59,68.5,1.63,0,4,37924.0
59,62.0,1.68,0,4,33768.0
42,77.1,1.75,1,4,54019.0
56,64.5,1.45,0,3,40699.0
61,77.1,1.67,0,2,43428.0
31,84.6,1.73,0,2,30369.0
20,83.6,1.74,0,1,21582.0
25,88.0,1.83,0,3,25418.0
19,80.6,1.78,0,2,15194.0
38,72.0,1.71,0,4,30971.0
18,86.0,1.71,0,0,20891.0
30,64.7,1.75,0,1,26014.0
29,85.1,1.63,1,2,57459.0
51,73.8,1.68,0,1,32703.0
29,70.1,1.76,0,1,24375.0
62,82.3,1.86,0,2,36938.0
26,64.0,1.67,0,0,24931.0
63,75.4,1.68,0,3,35728.0
44,65.8,1.7,0,1,26946.0
29,100.9,1.8,0,3,26948.0
19,63.5,1.68,0,0,23241.0
32,52.4,1.81,0,3,29200.0
45,57.4,1.59,0,2,32027.0
23,46.7,1.66,0,4,22575.0
25,71.2,1.66,1,3,45876.0
23,94.2,1.75,0,4,29819.0
49,90.6,1.77,0,3,35444.0
22,47.4,1.54,1,0,36685.0
18,57.8,1.6,0,4,27442.0
39,99.4,1.71,0,1,29631.0
32,72.0,1.62,0,4,33899.0
44,61.7,1.54,0,2,31629.0
62,96.3,1.77,1,3,65786.0
58,109.6,1.72,0,0,34927.0
43,94.2,1.72,0,4,35283.0
48,71.6,1.64,1,3,54192.0
56,86.5,1.77,0,2,34265.0
38,79.3,1.66,0,2,31049.0
48,73.6,1.78,1,3,49989.0
28,54.4,1.6,0,0,17565.0
46,67.2,1.6,0,1,32133.0
29,62.8,1.7,0,0,19080.0
26,67.5,1.62,0,2,27580.0
53,80.0,1.74,1,1,50939.0
44,105.6,1.7,0,4,34169.0
35,56.8,1.6,0,4,28404.0
19,72.7,1.69,0,2,22544.0
29,68.8,1.65,0,3,26313.0
55,86.6,1.76,0,2,31830.0
40,80.6,1.62,0,2,33399.0
63,64.0,1.64,1,3,54770.0
60,71.5,1.79,0,1,33375.0
58,65.8,1.88,0,1,29480.0
18,75.5,1.86,0,0,19441.0
20,81.2,1.69,0,4,26873.0
45,75.7,1.7,1,3,51102.0
33,71.0,1.82,0,0,24197.0
57,67.8,1.67,0,4,37781.0
32,66.1,1.59,1,1,42768.0
25,80.7,1.69,0,4,27373.0
23,69.0,1.72,1,0,39022.0
32,64.5,1.61,0,0,24532.0
47,41.7,1.53,1,1,44549.0
23,50.0,1.55,0,4,25001.0
55,100.8,1.74,0,4,41609.0
32,41.9,1.61,0,3,32222.0
32,68.3,1.67,0,0,22775.0
49,78.0,1.7,0,3,35408.0
58,73.6,1.74,1,1,51492.0
38,60.9,1.65,0,3,23453.0
55,76.1,1.72,0,2,34313.0
32,66.5,1.6,0,4,29486.0
24,69.8,1.65,0,3,30555.0
56,44.4,1.59,0,1,28992.0
54,80.3,1.78,0,3,33447.0
53,62.5,1.68,0,1,29844.0
59,61.0,1.61,0,1,32973.0
41,73.6,1.65,0,1,27342.0
27,79.6,1.66,1,1,43339.0
45,90.9,1.74,0,2,29323.0
44,56.4,1.54,0,4,33280.0
36,76.2,1.59,0,2,32169.0
48,85.2,1.65,0,0,35316.0
30,113.5,1.91,1,3,59456.0
46,101.0,1.77,0,0,30843.0
55,70.7,1.67,0,2,36832.0
22,76.3,1.74,0,1,25328.0
39,103.9,1.87,0,4,38679.0
49,54.7,1.66,0,2,32974.0
20,73.4,1.65,0,2,24342.0
47,75.7,1.79,0,4,35275.0
60,72.0,1.72,0,2,35366.0
56,55.0,1.74,0,3,34194.0
50,58.4,1.63,0,2,31794.0
55,88.7,1.85,0,2,32115.0
34,100.5,1.83,0,2,24364.0
33,91.1,1.73,0,2,27814.0
21,77.6,1.74,0,2,19386.0
51,56.6,1.5,1,3,52654.0
32,67.4,1.74,0,2,26363.0
58,76.6,1.66,0,3,33180.0
39,73.6,1.72,0,3,32748.0
59,87.0,1.74,0,1,36545.0
24,92.2,1.65,0,0,24813.0
25,60.5,1.53,0,0,26215.0
34,56.3,1.71,0,2,30538.0
19,57.4,1.61,1,1,35855.0
41,52.9,1.65,0,1,28672.0
48,54.8,1.63,1,3,51161.0
49,86.8,1.65,0,2,35525.0
28,58.4,1.47,0,3,31035.0
25,61.4,1.79,0,0,17909.0
44,83.6,1.7,0,3,32364.0
47,100.3,1.78,0,2,31773.0
62,84.3,1.86,0,0,30001.0
60,64.8,1.68,1,2,52189.0
35,56.6,1.52,0,4,27945.0
25,69.8,1.6,1,2,41529.0
29,71.2,1.57,0,1,27474.0
59,83.2,1.63,1,0,60303.0
39,89.8,1.69,0,4,36082.0
64,70.5,1.5,0,1,31964.0
48,93.9,1.71,1,2,59320.0
45,68.7,1.54,0,2,30950.0
22,55.9,1.71,1,2,40532.0
45,70.9,1.67,0,0,26032.0
35,74.6,1.65,0,4,34923.0
57,67.7,1.67,0,0,30310.0
24,80.0,1.63,0,3,28701.0
27,64.0,1.62,0,1,23929.0
49,51.1,1.53,0,3,34530.0
49,91.7,1.68,0,0,29912.0
57,99.2,1.85,0,0,34911.0
42,93.4,1.86,0,4,35559.0
35,97.8,1.8,0,3,32150.0
